{"fname": "Prajjwal", "lname": "Datir"}OMkasflhkgakghal,FASfa
O,M,k,a,s,f,l,h,k,g,a,k,g,h,a,l,",", ,B,a,i,r,h,e,l,s,k,g,h,a,l,k,",", 
O,M,k,a,s,f,l,h,k,g,a,k,g,h,a,l,",", ,B,a,i,r,h,e,l,s,k,g,h,a,l,k,",", 
T,e,s,t,i,n,g,",", ,O,N,e,",", 
P,r,a,j,j,w,a,l,",", ,D,a,t,i,r,",", 


T,e,s,t,",", ,1,2,3,",", 













W,o,r,k,i,n,g,",", ,N,o,w,",", 
T,e,s,t,i,n,g,",", ,N,o,w,",", 
P,r,a,j,j,w,a,l,",", ,D,a,t,i,r,",", 
F,i,u,r,s,t,",", ,l,A,s,r,a,s,t,",", 
a,s,g,s,d,",", ,g,d,s,h,j,",", 





































